position,source,target,source_pair,target_pair,count
27525,A,G,TCA,TCG,7
27630,C,T,GCC,GCT,13
27421,A,G,ATA,GTA,1
27416,C,T,GCA,GTA,2
27688,C,T,CCA,TCA,3
27604,G,A,GTA,ATA,3
27722,T,C,ATA,ACA,1
27398,A,G,AAA,AGA,1
27698,T,G,CTT,CGT,1
27635,C,Y,TCA,TYA,5
27752,C,T,ACA,ATA,1
27749,A,T,AAG,ATG,1
27702,T,A,ATT,ATA,1
27684,C,T,TAC,TAT,1
27420,G,T,CTG,CTT,1
27397,A,G,AAA,GAA,1
27500,C,T,TCT,TTT,3
27549,C,T,AAC,AAT,1
27710,C,T,GCA,GTA,1
27710,C,Y,GCA,GYA,1
27560,T,C,CTG,CCG,1
27509,C,T,ACA,ATA,1
27635,C,T,TCA,TTA,5
27551,A,N,AAA,ANA,1
27550,A,N,AAA,NAA,1
27549,C,N,AAC,AAN,1
27548,A,N,AAC,ANC,1
27547,A,N,AAC,NAC,1
27546,T,N,GAT,GAN,1
27545,A,N,GAT,GNT,1
27544,G,N,GAT,NAT,1
27543,T,N,GCT,GCN,1
27542,C,N,GCT,GNT,1
27541,G,N,GCT,NCT,1
27540,A,N,CTA,CTN,1
27539,T,N,CTA,CNA,1
27538,C,N,CTA,NTA,1
27537,T,N,CCT,CCN,1
27536,C,N,CCT,CNT,1
27535,C,N,CCT,NCT,1
27534,T,N,CAT,CAN,1
27533,A,N,CAT,CNT,1
27532,C,N,CAT,NAT,1
27753,A,T,ACA,ACT,1
27752,C,Y,ACA,AYA,1
27584,C,A,GCT,GAT,1
27498,C,T,TGC,TGT,1
27415,G,A,GCA,ACA,1
27702,T,N,ATT,ATN,1
27701,T,N,ATT,ANT,1
27700,A,N,ATT,NTT,1
27699,T,N,CTT,CTN,1
27698,T,N,CTT,CNT,1
27654,C,T,TTC,TTT,1
27519,C,T,GGC,GGT,1
27518,G,T,GGC,GTC,1
27670,G,T,GTT,TTT,1
27478,G,K,GTA,KTA,1
27513,C,T,TAC,TAT,1
27741,C,T,CTC,CTT,1
27672,T,C,GTT,GTC,2
27707,C,T,GCG,GTG,2
27593,G,A,TGT,TAT,1
27534,T,C,CAT,CAC,1
27741,C,Y,CTC,CTY,1
27657,C,A,ATC,ATA,1
27654,C,A,TTC,TTA,1
